id,name,category,unit_price
1,T-shirt Bleu Coton,Clothing,19.99
2,Smartphone Galaxy Pro,Electronics,899.00
3,Café Moulu Bio,Food,12.50
4,Écouteurs Bluetooth,Electronics,59.99
5,Jean Slim Noir,Clothing,69.99
6,Thé Vert Matcha,Food,18.75
7,Lampe LED Connectée,Home,49.99
8,Casque Audio Sans Fil,Electronics,129.99
9,Crème Hydratante Visage,Beauty,24.99
10,Chaussures Running,Sports,89.99
11,Sac à Dos Urbain,Accessories,39.99
12,Livre "Python pour Débutants",Books,22.50
13,Jouet Robot Interactif,Toys,74.99
14,Parfum Floral 100ml,Beauty,79.99
15,Tapis de Yoga Antidérapant,Sports,29.99